{
    "total_plants": 164,
    "area_hectares": 0.17367831063818215,
    "plants_per_hectare_avg": 944.2745003528701,
    "homogeneity_plant_index": 0.17026777133791546
}