{
    "total_plants": 188,
    "area_hectares": 0.15010424248497914,
    "plants_per_hectare_avg": 1252.4629343425324,
    "homogeneity_plant_index": 0.5356403239252924
}